,Brand Name,Name of the Product,Price,Return/Exchange,Expected Delivery,Availability,Product URL
0,Enya,"Nova Go Carbon Fiber Acoustic Guitar 1/2 Size Beginner Adult Travel Acustica Guitarra w/Starter Bundle Kit of Colorful Packaging, Acoustic Guitar Strap, Gig Bag, Cleaning Cloth, String(Black)",189,-,-,Available,https://www.amazon.com/sspa/click?ie=UTF8&spc=MTo0MTY2ODQ4MzA4OTI2Mzc1OjE3MjEzMjE5MDg6c3BfYXRmOjMwMDIyNTEwMjU3MzIwMjo6MDo6&url=%2FAcoustic-Beginner-Acustica-Guitarra-Packaging%2Fdp%2FB09JNWF2ZT%2Fref%3Dsr_1_1_sspa%3Fdib%3DeyJ2IjoiMSJ9.ZM-OUKInuZ7MTgm2zupmkN24Ys4kIP0Ef5MnRSapT78P5PXFMTg05v8_LZ8mhourrFPzw_3DPIHqmV1tliFRm9Dvl5L6oLTv7dUAnLvibVTzdiHdy1jo5npavrbtFWYZ7LLzszr6pBKPxQ3uiMli0sA1L7lkOo912NedalyT9KBUOSAdSmwsKefhwq2tfxdpj-RaK9Gu6AHyTWXvjsFRW88mwvp6_RYbqaDMqtxVwJFX4gGbi_PD43opc5CIs1NTZDpw7A8_OU8y4qGB2TdZJwSkeioHgrTWe337y6ftnPU.xX0z4LHqdOC7r4lFQcqPgh3gPh_TvoN7h2-tZ1cOfxc%26dib_tag%3Dse%26keywords%3DGuitar%26qid%3D1721321908%26sr%3D8-1-spons%26sp_csd%3Dd2lkZ2V0TmFtZT1zcF9hdGY%26psc%3D1
1,"38""",Wood Guitar With Case and Accessories for Kids/Boys/Girls/Teens/Beginners (Sunburst),63,-,-,Available,https://www.amazon.com/sspa/click?ie=UTF8&spc=MTo0MTY2ODQ4MzA4OTI2Mzc1OjE3MjEzMjE5MDg6c3BfYXRmOjIwMDA0NTMxNzUzNDMyMTo6MDo6&url=%2FSunburst-Guitar-Accessories-Girls-Beginners%2Fdp%2FB07H1RZNNX%2Fref%3Dsr_1_2_sspa%3Fdib%3DeyJ2IjoiMSJ9.ZM-OUKInuZ7MTgm2zupmkN24Ys4kIP0Ef5MnRSapT78P5PXFMTg05v8_LZ8mhourrFPzw_3DPIHqmV1tliFRm9Dvl5L6oLTv7dUAnLvibVTzdiHdy1jo5npavrbtFWYZ7LLzszr6pBKPxQ3uiMli0sA1L7lkOo912NedalyT9KBUOSAdSmwsKefhwq2tfxdpj-RaK9Gu6AHyTWXvjsFRW88mwvp6_RYbqaDMqtxVwJFX4gGbi_PD43opc5CIs1NTZDpw7A8_OU8y4qGB2TdZJwSkeioHgrTWe337y6ftnPU.xX0z4LHqdOC7r4lFQcqPgh3gPh_TvoN7h2-tZ1cOfxc%26dib_tag%3Dse%26keywords%3DGuitar%26qid%3D1721321908%26sr%3D8-2-spons%26sp_csd%3Dd2lkZ2V0TmFtZT1zcF9hdGY%26psc%3D1
2,Phenyx,"Pro 2.4GHz Wireless Guitar System, Digital Wireless Guitar Transmitter Receiver w/ 18 Freqeuncies, 100ft Coverage, Wireless System for Guitar Bass Electric Instruments (PDP-G)",51,-,-,Available,https://www.amazon.com/sspa/click?ie=UTF8&spc=MTo0MTY2ODQ4MzA4OTI2Mzc1OjE3MjEzMjE5MDg6c3BfYXRmOjMwMDE3ODIxOTI0MjEwMjo6MDo6&url=%2FPhenyx-Pro-Transmitter-Freqeuncies-PDP-G%2Fdp%2FB0CSDB64Z8%2Fref%3Dsr_1_3_sspa%3Fdib%3DeyJ2IjoiMSJ9.ZM-OUKInuZ7MTgm2zupmkN24Ys4kIP0Ef5MnRSapT78P5PXFMTg05v8_LZ8mhourrFPzw_3DPIHqmV1tliFRm9Dvl5L6oLTv7dUAnLvibVTzdiHdy1jo5npavrbtFWYZ7LLzszr6pBKPxQ3uiMli0sA1L7lkOo912NedalyT9KBUOSAdSmwsKefhwq2tfxdpj-RaK9Gu6AHyTWXvjsFRW88mwvp6_RYbqaDMqtxVwJFX4gGbi_PD43opc5CIs1NTZDpw7A8_OU8y4qGB2TdZJwSkeioHgrTWe337y6ftnPU.xX0z4LHqdOC7r4lFQcqPgh3gPh_TvoN7h2-tZ1cOfxc%26dib_tag%3Dse%26keywords%3DGuitar%26qid%3D1721321908%26sr%3D8-3-spons%26sp_csd%3Dd2lkZ2V0TmFtZT1zcF9hdGY%26psc%3D1
3,Positive,Grid Spark 40-Watt Combo Practice Guitar Amplifier Electric Bass and Acoustic Guitar Amp with Spark Mobile App,239,-,-,Available,https://www.amazon.com/sspa/click?ie=UTF8&spc=MTo0MTY2ODQ4MzA4OTI2Mzc1OjE3MjEzMjE5MDg6c3BfYXRmOjMwMDI4OTc5MDk1MDAwMjo6MDo6&url=%2FPositive-Grid-Amplifier-Electric-Acoustic%2Fdp%2FB08HQCG79H%2Fref%3Dsr_1_4_sspa%3Fdib%3DeyJ2IjoiMSJ9.ZM-OUKInuZ7MTgm2zupmkN24Ys4kIP0Ef5MnRSapT78P5PXFMTg05v8_LZ8mhourrFPzw_3DPIHqmV1tliFRm9Dvl5L6oLTv7dUAnLvibVTzdiHdy1jo5npavrbtFWYZ7LLzszr6pBKPxQ3uiMli0sA1L7lkOo912NedalyT9KBUOSAdSmwsKefhwq2tfxdpj-RaK9Gu6AHyTWXvjsFRW88mwvp6_RYbqaDMqtxVwJFX4gGbi_PD43opc5CIs1NTZDpw7A8_OU8y4qGB2TdZJwSkeioHgrTWe337y6ftnPU.xX0z4LHqdOC7r4lFQcqPgh3gPh_TvoN7h2-tZ1cOfxc%26dib_tag%3Dse%26keywords%3DGuitar%26qid%3D1721321908%26sr%3D8-4-spons%26sp_csd%3Dd2lkZ2V0TmFtZT1zcF9hdGY%26psc%3D1
4,Enya,"Nova Go Carbon Fiber Acoustic Guitar 1/2 Size Beginner Adult Travel Acustica Guitarra w/Starter Bundle Kit of Colorful Packaging, Acoustic Guitar Strap, Gig Bag, Cleaning Cloth, String(Black)",189,-,-,Available,https://www.amazon.com/Acoustic-Beginner-Acustica-Guitarra-Packaging/dp/B09JNWF2ZT/ref=sr_1_5?dib=eyJ2IjoiMSJ9.ZM-OUKInuZ7MTgm2zupmkN24Ys4kIP0Ef5MnRSapT78P5PXFMTg05v8_LZ8mhourrFPzw_3DPIHqmV1tliFRm9Dvl5L6oLTv7dUAnLvibVTzdiHdy1jo5npavrbtFWYZ7LLzszr6pBKPxQ3uiMli0sA1L7lkOo912NedalyT9KBUOSAdSmwsKefhwq2tfxdpj-RaK9Gu6AHyTWXvjsFRW88mwvp6_RYbqaDMqtxVwJFX4gGbi_PD43opc5CIs1NTZDpw7A8_OU8y4qGB2TdZJwSkeioHgrTWe337y6ftnPU.xX0z4LHqdOC7r4lFQcqPgh3gPh_TvoN7h2-tZ1cOfxc&dib_tag=se&keywords=Guitar&qid=1721321908&sr=8-5
5,Fender,"Acoustic Guitar, CD-60S, with 2-Year Warranty, Dreadnought Classic Design with Rounded Walnut Fingerboard, Glossed Finish, All-Mahogany Construction",-,,-,Not Available,https://www.amazon.com/Fender-CD-60S-Dreadnought-Acoustic-Guitar/dp/B07FYBLG93/ref=sr_1_6?dib=eyJ2IjoiMSJ9.ZM-OUKInuZ7MTgm2zupmkN24Ys4kIP0Ef5MnRSapT78P5PXFMTg05v8_LZ8mhourrFPzw_3DPIHqmV1tliFRm9Dvl5L6oLTv7dUAnLvibVTzdiHdy1jo5npavrbtFWYZ7LLzszr6pBKPxQ3uiMli0sA1L7lkOo912NedalyT9KBUOSAdSmwsKefhwq2tfxdpj-RaK9Gu6AHyTWXvjsFRW88mwvp6_RYbqaDMqtxVwJFX4gGbi_PD43opc5CIs1NTZDpw7A8_OU8y4qGB2TdZJwSkeioHgrTWe337y6ftnPU.xX0z4LHqdOC7r4lFQcqPgh3gPh_TvoN7h2-tZ1cOfxc&dib_tag=se&keywords=Guitar&qid=1721321908&sr=8-6
6,Pyle,"Beginner Acoustic Guitar Kit, 3/4 Junior Size All Wood Instrument for Kids, Adults, 36"" Natural Wood Gloss",-,-,-,Not Available,https://www.amazon.com/Pyle-Beginner-Acoustic-Instrument-Natural/dp/B0CG9YZW27/ref=sr_1_7?dib=eyJ2IjoiMSJ9.ZM-OUKInuZ7MTgm2zupmkN24Ys4kIP0Ef5MnRSapT78P5PXFMTg05v8_LZ8mhourrFPzw_3DPIHqmV1tliFRm9Dvl5L6oLTv7dUAnLvibVTzdiHdy1jo5npavrbtFWYZ7LLzszr6pBKPxQ3uiMli0sA1L7lkOo912NedalyT9KBUOSAdSmwsKefhwq2tfxdpj-RaK9Gu6AHyTWXvjsFRW88mwvp6_RYbqaDMqtxVwJFX4gGbi_PD43opc5CIs1NTZDpw7A8_OU8y4qGB2TdZJwSkeioHgrTWe337y6ftnPU.xX0z4LHqdOC7r4lFQcqPgh3gPh_TvoN7h2-tZ1cOfxc&dib_tag=se&keywords=Guitar&qid=1721321908&sr=8-7
7,Yamaha,"FG800J Solid Top Dreadnought Acoustic Guitar, Natural",-,-,-,Not Available,https://www.amazon.com/Yamaha-FG800J-Dreadnought-Acoustic-Natural/dp/B0BYFC65L7/ref=sr_1_8?dib=eyJ2IjoiMSJ9.ZM-OUKInuZ7MTgm2zupmkN24Ys4kIP0Ef5MnRSapT78P5PXFMTg05v8_LZ8mhourrFPzw_3DPIHqmV1tliFRm9Dvl5L6oLTv7dUAnLvibVTzdiHdy1jo5npavrbtFWYZ7LLzszr6pBKPxQ3uiMli0sA1L7lkOo912NedalyT9KBUOSAdSmwsKefhwq2tfxdpj-RaK9Gu6AHyTWXvjsFRW88mwvp6_RYbqaDMqtxVwJFX4gGbi_PD43opc5CIs1NTZDpw7A8_OU8y4qGB2TdZJwSkeioHgrTWe337y6ftnPU.xX0z4LHqdOC7r4lFQcqPgh3gPh_TvoN7h2-tZ1cOfxc&dib_tag=se&keywords=Guitar&qid=1721321908&sr=8-8
8,First,"Act Acoustic Sunburst Guitar, 30 Inch - Brass Acoustic Guitar Strings, Tuning Gear, String Post Covers, Steel-Reinforced Neck, Strap Buttons – Musical Instruments",39,-,-,Available,https://www.amazon.com/First-Act-Acoustic-Sunburst-Guitar/dp/B085TC842Z/ref=sr_1_9?dib=eyJ2IjoiMSJ9.ZM-OUKInuZ7MTgm2zupmkN24Ys4kIP0Ef5MnRSapT78P5PXFMTg05v8_LZ8mhourrFPzw_3DPIHqmV1tliFRm9Dvl5L6oLTv7dUAnLvibVTzdiHdy1jo5npavrbtFWYZ7LLzszr6pBKPxQ3uiMli0sA1L7lkOo912NedalyT9KBUOSAdSmwsKefhwq2tfxdpj-RaK9Gu6AHyTWXvjsFRW88mwvp6_RYbqaDMqtxVwJFX4gGbi_PD43opc5CIs1NTZDpw7A8_OU8y4qGB2TdZJwSkeioHgrTWe337y6ftnPU.xX0z4LHqdOC7r4lFQcqPgh3gPh_TvoN7h2-tZ1cOfxc&dib_tag=se&keywords=Guitar&qid=1721321908&sr=8-9
9,Yamaha,"C40II Classical Guitar, Full Size, Natural",-,-,-,Not Available,https://www.amazon.com/YAMAHA-C40II-Yamaha-Classical-Guitar/dp/B005B6EZ36/ref=sr_1_10?dib=eyJ2IjoiMSJ9.ZM-OUKInuZ7MTgm2zupmkN24Ys4kIP0Ef5MnRSapT78P5PXFMTg05v8_LZ8mhourrFPzw_3DPIHqmV1tliFRm9Dvl5L6oLTv7dUAnLvibVTzdiHdy1jo5npavrbtFWYZ7LLzszr6pBKPxQ3uiMli0sA1L7lkOo912NedalyT9KBUOSAdSmwsKefhwq2tfxdpj-RaK9Gu6AHyTWXvjsFRW88mwvp6_RYbqaDMqtxVwJFX4gGbi_PD43opc5CIs1NTZDpw7A8_OU8y4qGB2TdZJwSkeioHgrTWe337y6ftnPU.xX0z4LHqdOC7r4lFQcqPgh3gPh_TvoN7h2-tZ1cOfxc&dib_tag=se&keywords=Guitar&qid=1721321908&sr=8-10
10,STRICH,"Bass Guitar Stand, HardWood 41.3"" Height Floor Guitar Dispaly, Walnut Guitars Holder with Hanger for Home, Studio (FH-2, Bass Display)",69,-,-,Available,https://www.amazon.com/sspa/click?ie=UTF8&spc=MTo0MTY2ODQ4MzA4OTI2Mzc1OjE3MjEzMjE5MDg6c3BfbXRmOjMwMDE1NDU3MzcxNDEwMjo6MDo6&url=%2FSTRICH-Hardwood-Dispaly-Guitars-Display%2Fdp%2FB0CQ2DDKWM%2Fref%3Dsr_1_11_sspa%3Fdib%3DeyJ2IjoiMSJ9.ZM-OUKInuZ7MTgm2zupmkN24Ys4kIP0Ef5MnRSapT78P5PXFMTg05v8_LZ8mhourrFPzw_3DPIHqmV1tliFRm9Dvl5L6oLTv7dUAnLvibVTzdiHdy1jo5npavrbtFWYZ7LLzszr6pBKPxQ3uiMli0sA1L7lkOo912NedalyT9KBUOSAdSmwsKefhwq2tfxdpj-RaK9Gu6AHyTWXvjsFRW88mwvp6_RYbqaDMqtxVwJFX4gGbi_PD43opc5CIs1NTZDpw7A8_OU8y4qGB2TdZJwSkeioHgrTWe337y6ftnPU.xX0z4LHqdOC7r4lFQcqPgh3gPh_TvoN7h2-tZ1cOfxc%26dib_tag%3Dse%26keywords%3DGuitar%26qid%3D1721321908%26sr%3D8-11-spons%26sp_csd%3Dd2lkZ2V0TmFtZT1zcF9tdGY%26psc%3D1
11,AeroBand,"Guitar Smart Guitar With Painless Silicone Strings, Travel Silent Guitar With Detachable Fretboard, Headphone Jack, MIDI Guitar For Adults, Teenagers",399,-,-,Available,https://www.amazon.com/sspa/click?ie=UTF8&spc=MTo0MTY2ODQ4MzA4OTI2Mzc1OjE3MjEzMjE5MDg6c3BfbXRmOjMwMDA5NDI2MDg1NTMwMjo6MDo6&url=%2FStringless-Removable-Fretboard-Beginners-Teenagers%2Fdp%2FB0CJ4QWR9Y%2Fref%3Dsr_1_12_sspa%3Fdib%3DeyJ2IjoiMSJ9.ZM-OUKInuZ7MTgm2zupmkN24Ys4kIP0Ef5MnRSapT78P5PXFMTg05v8_LZ8mhourrFPzw_3DPIHqmV1tliFRm9Dvl5L6oLTv7dUAnLvibVTzdiHdy1jo5npavrbtFWYZ7LLzszr6pBKPxQ3uiMli0sA1L7lkOo912NedalyT9KBUOSAdSmwsKefhwq2tfxdpj-RaK9Gu6AHyTWXvjsFRW88mwvp6_RYbqaDMqtxVwJFX4gGbi_PD43opc5CIs1NTZDpw7A8_OU8y4qGB2TdZJwSkeioHgrTWe337y6ftnPU.xX0z4LHqdOC7r4lFQcqPgh3gPh_TvoN7h2-tZ1cOfxc%26dib_tag%3Dse%26keywords%3DGuitar%26qid%3D1721321908%26sr%3D8-12-spons%26sp_csd%3Dd2lkZ2V0TmFtZT1zcF9tdGY%26psc%3D1
12,La,"Granja de Zenon 15"" Inch Kids Ukulele Guitar Toys with 4 Strings Keep Tones,Kids Ukulele for Beginner,Mini Ukulele Guitar Musical Instruments Educational Learning Toys for Toddler 1-3 Year Old Kids",19,-,-,Available,https://www.amazon.com/sspa/click?ie=UTF8&spc=MTo0MTY2ODQ4MzA4OTI2Mzc1OjE3MjEzMjE5MDg6c3BfbXRmOjIwMDAzODUzMzYxODM5ODo6MDo6&url=%2FChildren-Educations-Learning-Toddlers-Beginners%2Fdp%2FB09HXKJGW7%2Fref%3Dsr_1_13_sspa%3Fdib%3DeyJ2IjoiMSJ9.ZM-OUKInuZ7MTgm2zupmkN24Ys4kIP0Ef5MnRSapT78P5PXFMTg05v8_LZ8mhourrFPzw_3DPIHqmV1tliFRm9Dvl5L6oLTv7dUAnLvibVTzdiHdy1jo5npavrbtFWYZ7LLzszr6pBKPxQ3uiMli0sA1L7lkOo912NedalyT9KBUOSAdSmwsKefhwq2tfxdpj-RaK9Gu6AHyTWXvjsFRW88mwvp6_RYbqaDMqtxVwJFX4gGbi_PD43opc5CIs1NTZDpw7A8_OU8y4qGB2TdZJwSkeioHgrTWe337y6ftnPU.xX0z4LHqdOC7r4lFQcqPgh3gPh_TvoN7h2-tZ1cOfxc%26dib_tag%3Dse%26keywords%3DGuitar%26qid%3D1721321908%26sr%3D8-13-spons%26sp_csd%3Dd2lkZ2V0TmFtZT1zcF9tdGY%26psc%3D1
13,Kids,"Guitar Acoustic, Jakeloo 21 Inch Wooden Acoustic Guitar for Toddler Guitar Toy Childrens Guitar Musical Toy Instruments Ideal for 3-9 Year Old Boys Girls Gifts (Pink)",36,-,-,Available,https://www.amazon.com/sspa/click?ie=UTF8&spc=MTo0MTY2ODQ4MzA4OTI2Mzc1OjE3MjEzMjE5MDg6c3BfbXRmOjMwMDE5NDI3NTE3NjIwMjo6MDo6&url=%2FJakeloo-Toddler-Childrens-Musical-Instruments%2Fdp%2FB0CH8XSQ54%2Fref%3Dsr_1_14_sspa%3Fdib%3DeyJ2IjoiMSJ9.ZM-OUKInuZ7MTgm2zupmkN24Ys4kIP0Ef5MnRSapT78P5PXFMTg05v8_LZ8mhourrFPzw_3DPIHqmV1tliFRm9Dvl5L6oLTv7dUAnLvibVTzdiHdy1jo5npavrbtFWYZ7LLzszr6pBKPxQ3uiMli0sA1L7lkOo912NedalyT9KBUOSAdSmwsKefhwq2tfxdpj-RaK9Gu6AHyTWXvjsFRW88mwvp6_RYbqaDMqtxVwJFX4gGbi_PD43opc5CIs1NTZDpw7A8_OU8y4qGB2TdZJwSkeioHgrTWe337y6ftnPU.xX0z4LHqdOC7r4lFQcqPgh3gPh_TvoN7h2-tZ1cOfxc%26dib_tag%3Dse%26keywords%3DGuitar%26qid%3D1721321908%26sr%3D8-14-spons%26sp_csd%3Dd2lkZ2V0TmFtZT1zcF9tdGY%26psc%3D1
14,Jasmine,"S34C NEX Acoustic Guitar,Natural",-,-,-,Not Available,https://www.amazon.com/Jasmine-S34C-NEX-Acoustic-Guitar/dp/B0002GXZK4/ref=sr_1_15?dib=eyJ2IjoiMSJ9.ZM-OUKInuZ7MTgm2zupmkN24Ys4kIP0Ef5MnRSapT78P5PXFMTg05v8_LZ8mhourrFPzw_3DPIHqmV1tliFRm9Dvl5L6oLTv7dUAnLvibVTzdiHdy1jo5npavrbtFWYZ7LLzszr6pBKPxQ3uiMli0sA1L7lkOo912NedalyT9KBUOSAdSmwsKefhwq2tfxdpj-RaK9Gu6AHyTWXvjsFRW88mwvp6_RYbqaDMqtxVwJFX4gGbi_PD43opc5CIs1NTZDpw7A8_OU8y4qGB2TdZJwSkeioHgrTWe337y6ftnPU.xX0z4LHqdOC7r4lFQcqPgh3gPh_TvoN7h2-tZ1cOfxc&dib_tag=se&keywords=Guitar&qid=1721321908&sr=8-15
15,Fender,"Acoustic Guitar, with 2-Year Warranty, CD-60 Dreadnought V3 Classic Design with Rounded Walnut Fingerboard and Alloy Steel Strings, Glossed Black Finish, Spruce Top, Includes Hard-Shell Case",-,-,-,Not Available,https://www.amazon.com/Fender-CD-60-Dreadnaught-Acoustic-Guitar/dp/B07N28JHB2/ref=sr_1_16?dib=eyJ2IjoiMSJ9.ZM-OUKInuZ7MTgm2zupmkN24Ys4kIP0Ef5MnRSapT78P5PXFMTg05v8_LZ8mhourrFPzw_3DPIHqmV1tliFRm9Dvl5L6oLTv7dUAnLvibVTzdiHdy1jo5npavrbtFWYZ7LLzszr6pBKPxQ3uiMli0sA1L7lkOo912NedalyT9KBUOSAdSmwsKefhwq2tfxdpj-RaK9Gu6AHyTWXvjsFRW88mwvp6_RYbqaDMqtxVwJFX4gGbi_PD43opc5CIs1NTZDpw7A8_OU8y4qGB2TdZJwSkeioHgrTWe337y6ftnPU.xX0z4LHqdOC7r4lFQcqPgh3gPh_TvoN7h2-tZ1cOfxc&dib_tag=se&keywords=Guitar&qid=1721321908&sr=8-16
16,Ibanez,"6 String Solid-Body Electric Guitar, Right, Transparent Green Burst (GRX70QATEB)",-,-,-,Not Available,https://www.amazon.com/Ibanez-String-Solid-Body-Electric-GRX70QATEB/dp/B01I0CEIXY/ref=sr_1_17?dib=eyJ2IjoiMSJ9.ZM-OUKInuZ7MTgm2zupmkN24Ys4kIP0Ef5MnRSapT78P5PXFMTg05v8_LZ8mhourrFPzw_3DPIHqmV1tliFRm9Dvl5L6oLTv7dUAnLvibVTzdiHdy1jo5npavrbtFWYZ7LLzszr6pBKPxQ3uiMli0sA1L7lkOo912NedalyT9KBUOSAdSmwsKefhwq2tfxdpj-RaK9Gu6AHyTWXvjsFRW88mwvp6_RYbqaDMqtxVwJFX4gGbi_PD43opc5CIs1NTZDpw7A8_OU8y4qGB2TdZJwSkeioHgrTWe337y6ftnPU.xX0z4LHqdOC7r4lFQcqPgh3gPh_TvoN7h2-tZ1cOfxc&dib_tag=se&keywords=Guitar&qid=1721321908&sr=8-17
17,Yamaha,APXT2 3/4-Size Acoustic-Electric Guitar - Black,-,-,-,Not Available,https://www.amazon.com/Yamaha-APXT2-4-Size-Acoustic-Electric-Guitar/dp/B00DYIIQ0Q/ref=sr_1_18?dib=eyJ2IjoiMSJ9.ZM-OUKInuZ7MTgm2zupmkN24Ys4kIP0Ef5MnRSapT78P5PXFMTg05v8_LZ8mhourrFPzw_3DPIHqmV1tliFRm9Dvl5L6oLTv7dUAnLvibVTzdiHdy1jo5npavrbtFWYZ7LLzszr6pBKPxQ3uiMli0sA1L7lkOo912NedalyT9KBUOSAdSmwsKefhwq2tfxdpj-RaK9Gu6AHyTWXvjsFRW88mwvp6_RYbqaDMqtxVwJFX4gGbi_PD43opc5CIs1NTZDpw7A8_OU8y4qGB2TdZJwSkeioHgrTWe337y6ftnPU.xX0z4LHqdOC7r4lFQcqPgh3gPh_TvoN7h2-tZ1cOfxc&dib_tag=se&keywords=Guitar&qid=1721321908&sr=8-18
18,Perri's,"Leathers Ltd. - Baseball Leather Series - Adjustable Guitar Strap from 41” to 56” - Electric, Acoustic, Bass Guitar Strap - Blue (SP25S-7051)",24,-,-,Available,https://www.amazon.com/sspa/click?ie=UTF8&spc=MTo0MTY2ODQ4MzA4OTI2Mzc1OjE3MjEzMjE5MDg6c3BfbXRmOjIwMDExMzg1ODQxNDg5ODo6MDo6&url=%2FPerris-Leathers-SP25S-7051-Baseball-Leather%2Fdp%2FB078MPFZ6H%2Fref%3Dsr_1_19_sspa%3Fdib%3DeyJ2IjoiMSJ9.ZM-OUKInuZ7MTgm2zupmkN24Ys4kIP0Ef5MnRSapT78P5PXFMTg05v8_LZ8mhourrFPzw_3DPIHqmV1tliFRm9Dvl5L6oLTv7dUAnLvibVTzdiHdy1jo5npavrbtFWYZ7LLzszr6pBKPxQ3uiMli0sA1L7lkOo912NedalyT9KBUOSAdSmwsKefhwq2tfxdpj-RaK9Gu6AHyTWXvjsFRW88mwvp6_RYbqaDMqtxVwJFX4gGbi_PD43opc5CIs1NTZDpw7A8_OU8y4qGB2TdZJwSkeioHgrTWe337y6ftnPU.xX0z4LHqdOC7r4lFQcqPgh3gPh_TvoN7h2-tZ1cOfxc%26dib_tag%3Dse%26keywords%3DGuitar%26qid%3D1721321908%26sr%3D8-19-spons%26sp_csd%3Dd2lkZ2V0TmFtZT1zcF9tdGY%26psc%3D1%26smid%3DA13DHQNG62MNUJ
19,Guyker,"Humbucker Pickup Cover (50mm/52mm Pole Spacing) – Cupronickel Bridge and Neck Pickups Frame Set Replacement Parts for Les Paul LP Style Electric Guitar, Skeleton Style, PC002 Chrome",16,-,-,Available,https://www.amazon.com/sspa/click?ie=UTF8&spc=MTo0MTY2ODQ4MzA4OTI2Mzc1OjE3MjEzMjE5MDg6c3BfbXRmOjMwMDE2OTk5NTcxNDUwMjo6MDo6&url=%2FHumbucker-Pickup-Cover-50mm-52mm%2Fdp%2FB0C49X5K88%2Fref%3Dsr_1_20_sspa%3Fdib%3DeyJ2IjoiMSJ9.ZM-OUKInuZ7MTgm2zupmkN24Ys4kIP0Ef5MnRSapT78P5PXFMTg05v8_LZ8mhourrFPzw_3DPIHqmV1tliFRm9Dvl5L6oLTv7dUAnLvibVTzdiHdy1jo5npavrbtFWYZ7LLzszr6pBKPxQ3uiMli0sA1L7lkOo912NedalyT9KBUOSAdSmwsKefhwq2tfxdpj-RaK9Gu6AHyTWXvjsFRW88mwvp6_RYbqaDMqtxVwJFX4gGbi_PD43opc5CIs1NTZDpw7A8_OU8y4qGB2TdZJwSkeioHgrTWe337y6ftnPU.xX0z4LHqdOC7r4lFQcqPgh3gPh_TvoN7h2-tZ1cOfxc%26dib_tag%3Dse%26keywords%3DGuitar%26qid%3D1721321908%26sr%3D8-20-spons%26sp_csd%3Dd2lkZ2V0TmFtZT1zcF9tdGY%26psc%3D1
20,Triple,"Guitar Stand, Adjustable Folding Multiple Guitar Stands with Neck Holder Floor Stand Universal for Acoustic Electric Guitars Bass Banjos, Tripod Guitar Stands Holds 3 Guitars Together",43,-,-,Available,https://www.amazon.com/sspa/click?ie=UTF8&spc=MTo0MTY2ODQ4MzA4OTI2Mzc1OjE3MjEzMjE5MDg6c3BfbXRmOjMwMDE3NTg2ODQ4NTAwMjo6MDo6&url=%2FMultiple-Adjustable-Universal-Acoustic-Electric%2Fdp%2FB0CWRLW38C%2Fref%3Dsr_1_21_sspa%3Fdib%3DeyJ2IjoiMSJ9.ZM-OUKInuZ7MTgm2zupmkN24Ys4kIP0Ef5MnRSapT78P5PXFMTg05v8_LZ8mhourrFPzw_3DPIHqmV1tliFRm9Dvl5L6oLTv7dUAnLvibVTzdiHdy1jo5npavrbtFWYZ7LLzszr6pBKPxQ3uiMli0sA1L7lkOo912NedalyT9KBUOSAdSmwsKefhwq2tfxdpj-RaK9Gu6AHyTWXvjsFRW88mwvp6_RYbqaDMqtxVwJFX4gGbi_PD43opc5CIs1NTZDpw7A8_OU8y4qGB2TdZJwSkeioHgrTWe337y6ftnPU.xX0z4LHqdOC7r4lFQcqPgh3gPh_TvoN7h2-tZ1cOfxc%26dib_tag%3Dse%26keywords%3DGuitar%26qid%3D1721321908%26sr%3D8-21-spons%26sp_csd%3Dd2lkZ2V0TmFtZT1zcF9tdGY%26psc%3D1
21,Guitar,"Strap For Acoustic Guitars , Electric Guitars and Bass , Red Vintage Woven Embroidered Adjustable Strap Includes 2 Strap Locks To Keep Your Guitar Safe & 2 Unique Picks and Pick Pocket",17,-,-,Available,https://www.amazon.com/sspa/click?ie=UTF8&spc=MTo0MTY2ODQ4MzA4OTI2Mzc1OjE3MjEzMjE5MDg6c3BfbXRmOjMwMDA0ODgxOTk1OTYwMjo6MDo6&url=%2FEmbroidered-Electric-Guitarist-Art-Tribute%2Fdp%2FB07B7CQFLP%2Fref%3Dsr_1_22_sspa%3Fdib%3DeyJ2IjoiMSJ9.ZM-OUKInuZ7MTgm2zupmkN24Ys4kIP0Ef5MnRSapT78P5PXFMTg05v8_LZ8mhourrFPzw_3DPIHqmV1tliFRm9Dvl5L6oLTv7dUAnLvibVTzdiHdy1jo5npavrbtFWYZ7LLzszr6pBKPxQ3uiMli0sA1L7lkOo912NedalyT9KBUOSAdSmwsKefhwq2tfxdpj-RaK9Gu6AHyTWXvjsFRW88mwvp6_RYbqaDMqtxVwJFX4gGbi_PD43opc5CIs1NTZDpw7A8_OU8y4qGB2TdZJwSkeioHgrTWe337y6ftnPU.xX0z4LHqdOC7r4lFQcqPgh3gPh_TvoN7h2-tZ1cOfxc%26dib_tag%3Dse%26keywords%3DGuitar%26qid%3D1721321908%26sr%3D8-22-spons%26sp_csd%3Dd2lkZ2V0TmFtZT1zcF9tdGY%26psc%3D1
22,Gretsch,"G9500 Jim Dandy 24-Inch Scale Flat Top Non-Cutaway Sapele Body 6-String Acoustic Guitar with Black Walnut Fingerboard (Right-Handed, Frontier Stain)",185,-,-,Available,https://www.amazon.com/Gretsch-Non-Cutaway-6-String-Fingerboard-Right-Handed/dp/B09ZJ9JZY7/ref=sr_1_23?dib=eyJ2IjoiMSJ9.ZM-OUKInuZ7MTgm2zupmkN24Ys4kIP0Ef5MnRSapT78P5PXFMTg05v8_LZ8mhourrFPzw_3DPIHqmV1tliFRm9Dvl5L6oLTv7dUAnLvibVTzdiHdy1jo5npavrbtFWYZ7LLzszr6pBKPxQ3uiMli0sA1L7lkOo912NedalyT9KBUOSAdSmwsKefhwq2tfxdpj-RaK9Gu6AHyTWXvjsFRW88mwvp6_RYbqaDMqtxVwJFX4gGbi_PD43opc5CIs1NTZDpw7A8_OU8y4qGB2TdZJwSkeioHgrTWe337y6ftnPU.xX0z4LHqdOC7r4lFQcqPgh3gPh_TvoN7h2-tZ1cOfxc&dib_tag=se&keywords=Guitar&qid=1721321908&sr=8-23
23,Squier,"by Fender Acoustic Guitar, with 2-Year Warranty, Dreadnought with Maple Fingerboard, Glossed Natural Finish, Mahogany Back and Side, Mahogany Neck, SA-150 Model",-,-,-,Not Available,https://www.amazon.com/Fender-SA-150-Beginner-Dreadnought-Acoustic/dp/B0765G46BM/ref=sr_1_24?dib=eyJ2IjoiMSJ9.ZM-OUKInuZ7MTgm2zupmkN24Ys4kIP0Ef5MnRSapT78P5PXFMTg05v8_LZ8mhourrFPzw_3DPIHqmV1tliFRm9Dvl5L6oLTv7dUAnLvibVTzdiHdy1jo5npavrbtFWYZ7LLzszr6pBKPxQ3uiMli0sA1L7lkOo912NedalyT9KBUOSAdSmwsKefhwq2tfxdpj-RaK9Gu6AHyTWXvjsFRW88mwvp6_RYbqaDMqtxVwJFX4gGbi_PD43opc5CIs1NTZDpw7A8_OU8y4qGB2TdZJwSkeioHgrTWe337y6ftnPU.xX0z4LHqdOC7r4lFQcqPgh3gPh_TvoN7h2-tZ1cOfxc&dib_tag=se&keywords=Guitar&qid=1721321908&sr=8-24
24,Yamaha,"APX600 VW Thin Body Acoustic-Electric Guitar, Vintage White",-,-,-,Not Available,https://www.amazon.com/Yamaha-APX600-VW-Acoustic-Electric-Vintage/dp/B078WYND97/ref=sr_1_25?dib=eyJ2IjoiMSJ9.ZM-OUKInuZ7MTgm2zupmkN24Ys4kIP0Ef5MnRSapT78P5PXFMTg05v8_LZ8mhourrFPzw_3DPIHqmV1tliFRm9Dvl5L6oLTv7dUAnLvibVTzdiHdy1jo5npavrbtFWYZ7LLzszr6pBKPxQ3uiMli0sA1L7lkOo912NedalyT9KBUOSAdSmwsKefhwq2tfxdpj-RaK9Gu6AHyTWXvjsFRW88mwvp6_RYbqaDMqtxVwJFX4gGbi_PD43opc5CIs1NTZDpw7A8_OU8y4qGB2TdZJwSkeioHgrTWe337y6ftnPU.xX0z4LHqdOC7r4lFQcqPgh3gPh_TvoN7h2-tZ1cOfxc&dib_tag=se&keywords=Guitar&qid=1721321908&sr=8-25
25,Loog,Mini Acoustic kids Guitar for Beginners 3-strings Ages 3+ Learning app and lessons included Black,98,-,-,Available,https://www.amazon.com/Loog-Acoustic-Guitar-Children-Beginners/dp/B0713RFLSJ/ref=sr_1_26?dib=eyJ2IjoiMSJ9.ZM-OUKInuZ7MTgm2zupmkN24Ys4kIP0Ef5MnRSapT78P5PXFMTg05v8_LZ8mhourrFPzw_3DPIHqmV1tliFRm9Dvl5L6oLTv7dUAnLvibVTzdiHdy1jo5npavrbtFWYZ7LLzszr6pBKPxQ3uiMli0sA1L7lkOo912NedalyT9KBUOSAdSmwsKefhwq2tfxdpj-RaK9Gu6AHyTWXvjsFRW88mwvp6_RYbqaDMqtxVwJFX4gGbi_PD43opc5CIs1NTZDpw7A8_OU8y4qGB2TdZJwSkeioHgrTWe337y6ftnPU.xX0z4LHqdOC7r4lFQcqPgh3gPh_TvoN7h2-tZ1cOfxc&dib_tag=se&keywords=Guitar&qid=1721321908&sr=8-26
26,Pyle,"Cutaway Acoustic Electric Guitar and Amp Kit, 4/4 Scale Spruce Wood Steel String Instrument w/ Practice Amplifier, 41"",White",179,-,Delivery,Available,https://www.amazon.com/Acoustic-Electric-Shoulder-Beginners-Students/dp/B09C8XRQJL/ref=sr_1_27?dib=eyJ2IjoiMSJ9.ZM-OUKInuZ7MTgm2zupmkN24Ys4kIP0Ef5MnRSapT78P5PXFMTg05v8_LZ8mhourrFPzw_3DPIHqmV1tliFRm9Dvl5L6oLTv7dUAnLvibVTzdiHdy1jo5npavrbtFWYZ7LLzszr6pBKPxQ3uiMli0sA1L7lkOo912NedalyT9KBUOSAdSmwsKefhwq2tfxdpj-RaK9Gu6AHyTWXvjsFRW88mwvp6_RYbqaDMqtxVwJFX4gGbi_PD43opc5CIs1NTZDpw7A8_OU8y4qGB2TdZJwSkeioHgrTWe337y6ftnPU.xX0z4LHqdOC7r4lFQcqPgh3gPh_TvoN7h2-tZ1cOfxc&dib_tag=se&keywords=Guitar&qid=1721321908&sr=8-27
27,Leo,Jaymz DIY TL Style Electric Guitar Kits with Poplar Body and Maple Neck - Maple Fingerboard and All Components Included（TL Poplar）,73,-,-,Available,https://www.amazon.com/Leo-Jaymz-Electric-Guitar-Poplar/dp/B0CY5F9L6N/ref=sr_1_28?dib=eyJ2IjoiMSJ9.ZM-OUKInuZ7MTgm2zupmkN24Ys4kIP0Ef5MnRSapT78P5PXFMTg05v8_LZ8mhourrFPzw_3DPIHqmV1tliFRm9Dvl5L6oLTv7dUAnLvibVTzdiHdy1jo5npavrbtFWYZ7LLzszr6pBKPxQ3uiMli0sA1L7lkOo912NedalyT9KBUOSAdSmwsKefhwq2tfxdpj-RaK9Gu6AHyTWXvjsFRW88mwvp6_RYbqaDMqtxVwJFX4gGbi_PD43opc5CIs1NTZDpw7A8_OU8y4qGB2TdZJwSkeioHgrTWe337y6ftnPU.xX0z4LHqdOC7r4lFQcqPgh3gPh_TvoN7h2-tZ1cOfxc&dib_tag=se&keywords=Guitar&qid=1721321908&sr=8-28
28,Axe,Heaven Signature Trigger Acoustic Mini Guitar (WN-302),34,-,-,Available,https://www.amazon.com/Heaven-WN-302-Signature-Trigger-Acoustic/dp/1495020932/ref=sr_1_29?dib=eyJ2IjoiMSJ9.ZM-OUKInuZ7MTgm2zupmkN24Ys4kIP0Ef5MnRSapT78P5PXFMTg05v8_LZ8mhourrFPzw_3DPIHqmV1tliFRm9Dvl5L6oLTv7dUAnLvibVTzdiHdy1jo5npavrbtFWYZ7LLzszr6pBKPxQ3uiMli0sA1L7lkOo912NedalyT9KBUOSAdSmwsKefhwq2tfxdpj-RaK9Gu6AHyTWXvjsFRW88mwvp6_RYbqaDMqtxVwJFX4gGbi_PD43opc5CIs1NTZDpw7A8_OU8y4qGB2TdZJwSkeioHgrTWe337y6ftnPU.xX0z4LHqdOC7r4lFQcqPgh3gPh_TvoN7h2-tZ1cOfxc&dib_tag=se&keywords=Guitar&qid=1721321908&sr=8-29
29,Yamaha,"APX600 OVS Thin Body Acoustic-Electric Guitar, Old Violin Sunburst",-,-,-,Not Available,https://www.amazon.com/Yamaha-APX600-OVS-Acoustic-Electric-Sunburst/dp/B078WYJ3HR/ref=sr_1_30?dib=eyJ2IjoiMSJ9.ZM-OUKInuZ7MTgm2zupmkN24Ys4kIP0Ef5MnRSapT78P5PXFMTg05v8_LZ8mhourrFPzw_3DPIHqmV1tliFRm9Dvl5L6oLTv7dUAnLvibVTzdiHdy1jo5npavrbtFWYZ7LLzszr6pBKPxQ3uiMli0sA1L7lkOo912NedalyT9KBUOSAdSmwsKefhwq2tfxdpj-RaK9Gu6AHyTWXvjsFRW88mwvp6_RYbqaDMqtxVwJFX4gGbi_PD43opc5CIs1NTZDpw7A8_OU8y4qGB2TdZJwSkeioHgrTWe337y6ftnPU.xX0z4LHqdOC7r4lFQcqPgh3gPh_TvoN7h2-tZ1cOfxc&dib_tag=se&keywords=Guitar&qid=1721321908&sr=8-30
30,MA34-N,"Classical Junior Guitar, Natural",44,-,Delivery,Available,https://www.amazon.com/Music-Alley-String-Natural-MA34-N/dp/B00O1QJ6KE/ref=sr_1_31?dib=eyJ2IjoiMSJ9.ZM-OUKInuZ7MTgm2zupmkN24Ys4kIP0Ef5MnRSapT78P5PXFMTg05v8_LZ8mhourrFPzw_3DPIHqmV1tliFRm9Dvl5L6oLTv7dUAnLvibVTzdiHdy1jo5npavrbtFWYZ7LLzszr6pBKPxQ3uiMli0sA1L7lkOo912NedalyT9KBUOSAdSmwsKefhwq2tfxdpj-RaK9Gu6AHyTWXvjsFRW88mwvp6_RYbqaDMqtxVwJFX4gGbi_PD43opc5CIs1NTZDpw7A8_OU8y4qGB2TdZJwSkeioHgrTWe337y6ftnPU.xX0z4LHqdOC7r4lFQcqPgh3gPh_TvoN7h2-tZ1cOfxc&dib_tag=se&keywords=Guitar&qid=1721321908&sr=8-31
31,"30""",Wood Classical Guitar with Case and Accessories for Kids/Girls/Boys/Beginners (Blue Gradient),60,-,-,Available,https://www.amazon.com/Guitar-Accessories-Girls-Beginners-Gradient/dp/B08NSYBPHY/ref=sr_1_32?dib=eyJ2IjoiMSJ9.ZM-OUKInuZ7MTgm2zupmkN24Ys4kIP0Ef5MnRSapT78P5PXFMTg05v8_LZ8mhourrFPzw_3DPIHqmV1tliFRm9Dvl5L6oLTv7dUAnLvibVTzdiHdy1jo5npavrbtFWYZ7LLzszr6pBKPxQ3uiMli0sA1L7lkOo912NedalyT9KBUOSAdSmwsKefhwq2tfxdpj-RaK9Gu6AHyTWXvjsFRW88mwvp6_RYbqaDMqtxVwJFX4gGbi_PD43opc5CIs1NTZDpw7A8_OU8y4qGB2TdZJwSkeioHgrTWe337y6ftnPU.xX0z4LHqdOC7r4lFQcqPgh3gPh_TvoN7h2-tZ1cOfxc&dib_tag=se&keywords=Guitar&qid=1721321908&sr=8-32
32,"38""",Wood Guitar With Case and Accessories for Kids/Boys/Girls/Teens/Beginners (Sunburst),63,-,-,Available,https://www.amazon.com/Sunburst-Guitar-Accessories-Girls-Beginners/dp/B07H1RZNNX/ref=sr_1_33?dib=eyJ2IjoiMSJ9.ZM-OUKInuZ7MTgm2zupmkN24Ys4kIP0Ef5MnRSapT78P5PXFMTg05v8_LZ8mhourrFPzw_3DPIHqmV1tliFRm9Dvl5L6oLTv7dUAnLvibVTzdiHdy1jo5npavrbtFWYZ7LLzszr6pBKPxQ3uiMli0sA1L7lkOo912NedalyT9KBUOSAdSmwsKefhwq2tfxdpj-RaK9Gu6AHyTWXvjsFRW88mwvp6_RYbqaDMqtxVwJFX4gGbi_PD43opc5CIs1NTZDpw7A8_OU8y4qGB2TdZJwSkeioHgrTWe337y6ftnPU.xX0z4LHqdOC7r4lFQcqPgh3gPh_TvoN7h2-tZ1cOfxc&dib_tag=se&keywords=Guitar&qid=1721321908&sr=8-33
33,MA-52,"30"" Half Size Junior Guitar For Young Kids",34,-,-,Available,https://www.amazon.com/Music-Alley-String-Junior-MA-52/dp/B002S0NK4I/ref=sr_1_34?dib=eyJ2IjoiMSJ9.ZM-OUKInuZ7MTgm2zupmkN24Ys4kIP0Ef5MnRSapT78P5PXFMTg05v8_LZ8mhourrFPzw_3DPIHqmV1tliFRm9Dvl5L6oLTv7dUAnLvibVTzdiHdy1jo5npavrbtFWYZ7LLzszr6pBKPxQ3uiMli0sA1L7lkOo912NedalyT9KBUOSAdSmwsKefhwq2tfxdpj-RaK9Gu6AHyTWXvjsFRW88mwvp6_RYbqaDMqtxVwJFX4gGbi_PD43opc5CIs1NTZDpw7A8_OU8y4qGB2TdZJwSkeioHgrTWe337y6ftnPU.xX0z4LHqdOC7r4lFQcqPgh3gPh_TvoN7h2-tZ1cOfxc&dib_tag=se&keywords=Guitar&qid=1721321908&sr=8-34
34,Pocket,"Guitar Chord Practice Tool, Portable Guitar Neck for Trainer Beginner w/a Rotatable Chords Chart Screen (Battery Included)",36,-,-,Available,https://www.amazon.com/Practice-Portable-Beginner-Rotatable-Included/dp/B07SJPMRJF/ref=sr_1_35?dib=eyJ2IjoiMSJ9.ZM-OUKInuZ7MTgm2zupmkN24Ys4kIP0Ef5MnRSapT78P5PXFMTg05v8_LZ8mhourrFPzw_3DPIHqmV1tliFRm9Dvl5L6oLTv7dUAnLvibVTzdiHdy1jo5npavrbtFWYZ7LLzszr6pBKPxQ3uiMli0sA1L7lkOo912NedalyT9KBUOSAdSmwsKefhwq2tfxdpj-RaK9Gu6AHyTWXvjsFRW88mwvp6_RYbqaDMqtxVwJFX4gGbi_PD43opc5CIs1NTZDpw7A8_OU8y4qGB2TdZJwSkeioHgrTWe337y6ftnPU.xX0z4LHqdOC7r4lFQcqPgh3gPh_TvoN7h2-tZ1cOfxc&dib_tag=se&keywords=Guitar&qid=1721321908&sr=8-35
35,"30""",Wooden Black Acoustic Guitar for Kids/Boys/Girls/Beginners/Guitar for age 3-5 5-9 (Black),44,-,-,Available,https://www.amazon.com/CB-SKY-Wooden-Acoustic-Beginners/dp/B09JKB5Z1N/ref=sr_1_36?dib=eyJ2IjoiMSJ9.ZM-OUKInuZ7MTgm2zupmkN24Ys4kIP0Ef5MnRSapT78P5PXFMTg05v8_LZ8mhourrFPzw_3DPIHqmV1tliFRm9Dvl5L6oLTv7dUAnLvibVTzdiHdy1jo5npavrbtFWYZ7LLzszr6pBKPxQ3uiMli0sA1L7lkOo912NedalyT9KBUOSAdSmwsKefhwq2tfxdpj-RaK9Gu6AHyTWXvjsFRW88mwvp6_RYbqaDMqtxVwJFX4gGbi_PD43opc5CIs1NTZDpw7A8_OU8y4qGB2TdZJwSkeioHgrTWe337y6ftnPU.xX0z4LHqdOC7r4lFQcqPgh3gPh_TvoN7h2-tZ1cOfxc&dib_tag=se&keywords=Guitar&qid=1721321908&sr=8-36
36,Squier,"by Fender Electric Guitar Kit, Affinity Series Stratocaster, with 2-Year Warranty, Charcoal Frost Metallic, with Padded Guitar Bag, Frontman 15G Guitar Amp, Guitar Strap, and More",-,-,-,Not Available,https://www.amazon.com/Fender-Affinity-Stratocaster-Fingerboard-Charcoal/dp/B097FGRWK1/ref=sr_1_37?dib=eyJ2IjoiMSJ9.ZM-OUKInuZ7MTgm2zupmkN24Ys4kIP0Ef5MnRSapT78P5PXFMTg05v8_LZ8mhourrFPzw_3DPIHqmV1tliFRm9Dvl5L6oLTv7dUAnLvibVTzdiHdy1jo5npavrbtFWYZ7LLzszr6pBKPxQ3uiMli0sA1L7lkOo912NedalyT9KBUOSAdSmwsKefhwq2tfxdpj-RaK9Gu6AHyTWXvjsFRW88mwvp6_RYbqaDMqtxVwJFX4gGbi_PD43opc5CIs1NTZDpw7A8_OU8y4qGB2TdZJwSkeioHgrTWe337y6ftnPU.xX0z4LHqdOC7r4lFQcqPgh3gPh_TvoN7h2-tZ1cOfxc&dib_tag=se&keywords=Guitar&qid=1721321908&sr=8-37
37,Donner,"30 Inch Junior Electric Guitar Beginner Kit ST Style Mini Electric Guitar Starter Package for Teens with Amp, 600D Bag, Tuner, Picks, Cable, Strap, Extra Strings DSJ-100",129,-,-,Available,https://www.amazon.com/Donner-Electric-Guitar-Inches-Green/dp/B09BZCPLQY/ref=sr_1_38?dib=eyJ2IjoiMSJ9.ZM-OUKInuZ7MTgm2zupmkN24Ys4kIP0Ef5MnRSapT78P5PXFMTg05v8_LZ8mhourrFPzw_3DPIHqmV1tliFRm9Dvl5L6oLTv7dUAnLvibVTzdiHdy1jo5npavrbtFWYZ7LLzszr6pBKPxQ3uiMli0sA1L7lkOo912NedalyT9KBUOSAdSmwsKefhwq2tfxdpj-RaK9Gu6AHyTWXvjsFRW88mwvp6_RYbqaDMqtxVwJFX4gGbi_PD43opc5CIs1NTZDpw7A8_OU8y4qGB2TdZJwSkeioHgrTWe337y6ftnPU.xX0z4LHqdOC7r4lFQcqPgh3gPh_TvoN7h2-tZ1cOfxc&dib_tag=se&keywords=Guitar&qid=1721321908&sr=8-38
38,Amazon,"Basics Adjustable Guitar Folding A-Shape Frame Stand for Acoustic and Electric Guitars with Non-Slip Rubber and Soft Foam Arms, Fully Assembled, Black",19,-,Delivery,Available,https://www.amazon.com/AmazonBasics-Folding-Acoustic-Electric-Guitars/dp/B018FCZKR2/ref=sr_1_39?dib=eyJ2IjoiMSJ9.ZM-OUKInuZ7MTgm2zupmkN24Ys4kIP0Ef5MnRSapT78P5PXFMTg05v8_LZ8mhourrFPzw_3DPIHqmV1tliFRm9Dvl5L6oLTv7dUAnLvibVTzdiHdy1jo5npavrbtFWYZ7LLzszr6pBKPxQ3uiMli0sA1L7lkOo912NedalyT9KBUOSAdSmwsKefhwq2tfxdpj-RaK9Gu6AHyTWXvjsFRW88mwvp6_RYbqaDMqtxVwJFX4gGbi_PD43opc5CIs1NTZDpw7A8_OU8y4qGB2TdZJwSkeioHgrTWe337y6ftnPU.xX0z4LHqdOC7r4lFQcqPgh3gPh_TvoN7h2-tZ1cOfxc&dib_tag=se&keywords=Guitar&qid=1721321908&sr=8-39
39,Kids,Guitar Wood Ages 5-13 For Boys Clasical With Case And Accessories Great For Beginner To Learn 30 Inch Blue,46,-,-,Available,https://www.amazon.com/Natural-Wood-Guitar-Case-Beginners/dp/B07H1NJ42Z/ref=sr_1_40?dib=eyJ2IjoiMSJ9.ZM-OUKInuZ7MTgm2zupmkN24Ys4kIP0Ef5MnRSapT78P5PXFMTg05v8_LZ8mhourrFPzw_3DPIHqmV1tliFRm9Dvl5L6oLTv7dUAnLvibVTzdiHdy1jo5npavrbtFWYZ7LLzszr6pBKPxQ3uiMli0sA1L7lkOo912NedalyT9KBUOSAdSmwsKefhwq2tfxdpj-RaK9Gu6AHyTWXvjsFRW88mwvp6_RYbqaDMqtxVwJFX4gGbi_PD43opc5CIs1NTZDpw7A8_OU8y4qGB2TdZJwSkeioHgrTWe337y6ftnPU.xX0z4LHqdOC7r4lFQcqPgh3gPh_TvoN7h2-tZ1cOfxc&dib_tag=se&keywords=Guitar&qid=1721321908&sr=8-40
40,Kisangel,1pc Kids Beginner Guitar 23 Inch Guitar 6 String Vintage Style Acoustic Guitar Wooden Guitar Music Instruments for Kids(As Shown),35,-,-,Available,https://www.amazon.com/Kisangel-Beginner-Vintage-Acoustic-Instruments/dp/B0BN4BHX9V/ref=sr_1_41?dib=eyJ2IjoiMSJ9.ZM-OUKInuZ7MTgm2zupmkN24Ys4kIP0Ef5MnRSapT78P5PXFMTg05v8_LZ8mhourrFPzw_3DPIHqmV1tliFRm9Dvl5L6oLTv7dUAnLvibVTzdiHdy1jo5npavrbtFWYZ7LLzszr6pBKPxQ3uiMli0sA1L7lkOo912NedalyT9KBUOSAdSmwsKefhwq2tfxdpj-RaK9Gu6AHyTWXvjsFRW88mwvp6_RYbqaDMqtxVwJFX4gGbi_PD43opc5CIs1NTZDpw7A8_OU8y4qGB2TdZJwSkeioHgrTWe337y6ftnPU.xX0z4LHqdOC7r4lFQcqPgh3gPh_TvoN7h2-tZ1cOfxc&dib_tag=se&keywords=Guitar&qid=1721321908&sr=8-41
41,Guitar,Exercises for Beginners: 10x Your Guitar Skills in 10 Minutes a Day,16,-,Delivery,Available,https://www.amazon.com/Guitar-Exercises-Beginners-Minutes-Mastery/dp/B08GVGMV9M/ref=sr_1_42?dib=eyJ2IjoiMSJ9.ZM-OUKInuZ7MTgm2zupmkN24Ys4kIP0Ef5MnRSapT78P5PXFMTg05v8_LZ8mhourrFPzw_3DPIHqmV1tliFRm9Dvl5L6oLTv7dUAnLvibVTzdiHdy1jo5npavrbtFWYZ7LLzszr6pBKPxQ3uiMli0sA1L7lkOo912NedalyT9KBUOSAdSmwsKefhwq2tfxdpj-RaK9Gu6AHyTWXvjsFRW88mwvp6_RYbqaDMqtxVwJFX4gGbi_PD43opc5CIs1NTZDpw7A8_OU8y4qGB2TdZJwSkeioHgrTWe337y6ftnPU.xX0z4LHqdOC7r4lFQcqPgh3gPh_TvoN7h2-tZ1cOfxc&dib_tag=se&keywords=Guitar&qid=1721321908&sr=8-42
42,Guitar,"Stand with 4 Guitar Holders, 3-Tier Multi Guitar Rack Holder for Electric Guitar, Bass, with Charging Station and Soft-Padded Protect for Home Studio Music Room, Rustic Brown GS01BR",49,-,-,Available,https://www.amazon.com/YATINEY-Guitar-Stand-Soft-Padded-GS01BR/dp/B0CLNTY2VJ/ref=sr_1_43?dib=eyJ2IjoiMSJ9.ZM-OUKInuZ7MTgm2zupmkN24Ys4kIP0Ef5MnRSapT78P5PXFMTg05v8_LZ8mhourrFPzw_3DPIHqmV1tliFRm9Dvl5L6oLTv7dUAnLvibVTzdiHdy1jo5npavrbtFWYZ7LLzszr6pBKPxQ3uiMli0sA1L7lkOo912NedalyT9KBUOSAdSmwsKefhwq2tfxdpj-RaK9Gu6AHyTWXvjsFRW88mwvp6_RYbqaDMqtxVwJFX4gGbi_PD43opc5CIs1NTZDpw7A8_OU8y4qGB2TdZJwSkeioHgrTWe337y6ftnPU.xX0z4LHqdOC7r4lFQcqPgh3gPh_TvoN7h2-tZ1cOfxc&dib_tag=se&keywords=Guitar&qid=1721321908&sr=8-43
43,Guitar,Fretboard: Memorize The Fretboard In Less Than 24 Hours: 35+ Tips And Exercises Included,16,-,Delivery,Available,https://www.amazon.com/Guitar-Fretboard-Memorize-Exercises-Included/dp/1719064873/ref=sr_1_44?dib=eyJ2IjoiMSJ9.ZM-OUKInuZ7MTgm2zupmkN24Ys4kIP0Ef5MnRSapT78P5PXFMTg05v8_LZ8mhourrFPzw_3DPIHqmV1tliFRm9Dvl5L6oLTv7dUAnLvibVTzdiHdy1jo5npavrbtFWYZ7LLzszr6pBKPxQ3uiMli0sA1L7lkOo912NedalyT9KBUOSAdSmwsKefhwq2tfxdpj-RaK9Gu6AHyTWXvjsFRW88mwvp6_RYbqaDMqtxVwJFX4gGbi_PD43opc5CIs1NTZDpw7A8_OU8y4qGB2TdZJwSkeioHgrTWe337y6ftnPU.xX0z4LHqdOC7r4lFQcqPgh3gPh_TvoN7h2-tZ1cOfxc&dib_tag=se&keywords=Guitar&qid=1721321908&sr=8-44
44,72PCS,Guitar Tool Kit，Professional Guitar Repairing Maintenance Tool Kit with Guitar Strings Picks Bridge Pins Gauge Guitar Accessories Gift for Acoustic Guitar Electric guitar Ukulele Bass Banjo,34,-,-,Available,https://www.amazon.com/Kit%EF%BC%8CProfessional-Repairing-Maintenance-Accessories-Acoustic/dp/B08TX3TRZD/ref=sr_1_45?dib=eyJ2IjoiMSJ9.ZM-OUKInuZ7MTgm2zupmkN24Ys4kIP0Ef5MnRSapT78P5PXFMTg05v8_LZ8mhourrFPzw_3DPIHqmV1tliFRm9Dvl5L6oLTv7dUAnLvibVTzdiHdy1jo5npavrbtFWYZ7LLzszr6pBKPxQ3uiMli0sA1L7lkOo912NedalyT9KBUOSAdSmwsKefhwq2tfxdpj-RaK9Gu6AHyTWXvjsFRW88mwvp6_RYbqaDMqtxVwJFX4gGbi_PD43opc5CIs1NTZDpw7A8_OU8y4qGB2TdZJwSkeioHgrTWe337y6ftnPU.xX0z4LHqdOC7r4lFQcqPgh3gPh_TvoN7h2-tZ1cOfxc&dib_tag=se&keywords=Guitar&qid=1721321908&sr=8-45
45,Fender,"FA-15 3/4 Scale Steel String Acoustic Guitar, with 2-Year Warranty, Blue, with Gig Bag",-,-,-,Not Available,https://www.amazon.com/Fender-String-Acoustic-Guitar-0971170187/dp/B08RLWH415/ref=sr_1_46?dib=eyJ2IjoiMSJ9.ZM-OUKInuZ7MTgm2zupmkN24Ys4kIP0Ef5MnRSapT78P5PXFMTg05v8_LZ8mhourrFPzw_3DPIHqmV1tliFRm9Dvl5L6oLTv7dUAnLvibVTzdiHdy1jo5npavrbtFWYZ7LLzszr6pBKPxQ3uiMli0sA1L7lkOo912NedalyT9KBUOSAdSmwsKefhwq2tfxdpj-RaK9Gu6AHyTWXvjsFRW88mwvp6_RYbqaDMqtxVwJFX4gGbi_PD43opc5CIs1NTZDpw7A8_OU8y4qGB2TdZJwSkeioHgrTWe337y6ftnPU.xX0z4LHqdOC7r4lFQcqPgh3gPh_TvoN7h2-tZ1cOfxc&dib_tag=se&keywords=Guitar&qid=1721321908&sr=8-46
46,Play,"It Loud: An Epic History of the Style, Sound, and Revolution of the Electric Guitar",0,-,-,Available,https://www.amazon.com/Play-It-Loud-audiobook/dp/B01LYNWT7D/ref=sr_1_47?dib=eyJ2IjoiMSJ9.ZM-OUKInuZ7MTgm2zupmkN24Ys4kIP0Ef5MnRSapT78P5PXFMTg05v8_LZ8mhourrFPzw_3DPIHqmV1tliFRm9Dvl5L6oLTv7dUAnLvibVTzdiHdy1jo5npavrbtFWYZ7LLzszr6pBKPxQ3uiMli0sA1L7lkOo912NedalyT9KBUOSAdSmwsKefhwq2tfxdpj-RaK9Gu6AHyTWXvjsFRW88mwvp6_RYbqaDMqtxVwJFX4gGbi_PD43opc5CIs1NTZDpw7A8_OU8y4qGB2TdZJwSkeioHgrTWe337y6ftnPU.xX0z4LHqdOC7r4lFQcqPgh3gPh_TvoN7h2-tZ1cOfxc&dib_tag=se&keywords=Guitar&qid=1721321908&sr=8-47
47,Every,"Guitarist's Guide to Beginning in Music Theory: Master Your Instrument with a Solid Foundation in Music Theory (Music Theory and Guitar, Book 1)",0,-,-,Available,https://www.amazon.com/Every-Guitarists-Guide-Beginning-Theory/dp/B0CNH9FQ92/ref=sr_1_48?dib=eyJ2IjoiMSJ9.ZM-OUKInuZ7MTgm2zupmkN24Ys4kIP0Ef5MnRSapT78P5PXFMTg05v8_LZ8mhourrFPzw_3DPIHqmV1tliFRm9Dvl5L6oLTv7dUAnLvibVTzdiHdy1jo5npavrbtFWYZ7LLzszr6pBKPxQ3uiMli0sA1L7lkOo912NedalyT9KBUOSAdSmwsKefhwq2tfxdpj-RaK9Gu6AHyTWXvjsFRW88mwvp6_RYbqaDMqtxVwJFX4gGbi_PD43opc5CIs1NTZDpw7A8_OU8y4qGB2TdZJwSkeioHgrTWe337y6ftnPU.xX0z4LHqdOC7r4lFQcqPgh3gPh_TvoN7h2-tZ1cOfxc&dib_tag=se&keywords=Guitar&qid=1721321908&sr=8-48
48,Schylling,6 String Acoustic Guitar,27,-,-,Available,https://www.amazon.com/Schylling-6-String-Acoustic-Guitar/dp/B0006NDBZC/ref=sr_1_49?dib=eyJ2IjoiMSJ9.ZM-OUKInuZ7MTgm2zupmkN24Ys4kIP0Ef5MnRSapT78P5PXFMTg05v8_LZ8mhourrFPzw_3DPIHqmV1tliFRm9Dvl5L6oLTv7dUAnLvibVTzdiHdy1jo5npavrbtFWYZ7LLzszr6pBKPxQ3uiMli0sA1L7lkOo912NedalyT9KBUOSAdSmwsKefhwq2tfxdpj-RaK9Gu6AHyTWXvjsFRW88mwvp6_RYbqaDMqtxVwJFX4gGbi_PD43opc5CIs1NTZDpw7A8_OU8y4qGB2TdZJwSkeioHgrTWe337y6ftnPU.xX0z4LHqdOC7r4lFQcqPgh3gPh_TvoN7h2-tZ1cOfxc&dib_tag=se&keywords=Guitar&qid=1721321908&sr=8-49
49,D'Addario,"Guitar Strings - Acoustic Guitar Strings - 80/20 Bronze - For 6 String Guitar - Deep, Bright, Projecting Tone - EJ11-3D - Light, 12-53 - 3-Pack.",14,-,Delivery,Available,https://www.amazon.com/DAddario-EJ11-3D-Bronze-Acoustic-Strings/dp/B0783QYRV5/ref=sr_1_50?dib=eyJ2IjoiMSJ9.ZM-OUKInuZ7MTgm2zupmkN24Ys4kIP0Ef5MnRSapT78P5PXFMTg05v8_LZ8mhourrFPzw_3DPIHqmV1tliFRm9Dvl5L6oLTv7dUAnLvibVTzdiHdy1jo5npavrbtFWYZ7LLzszr6pBKPxQ3uiMli0sA1L7lkOo912NedalyT9KBUOSAdSmwsKefhwq2tfxdpj-RaK9Gu6AHyTWXvjsFRW88mwvp6_RYbqaDMqtxVwJFX4gGbi_PD43opc5CIs1NTZDpw7A8_OU8y4qGB2TdZJwSkeioHgrTWe337y6ftnPU.xX0z4LHqdOC7r4lFQcqPgh3gPh_TvoN7h2-tZ1cOfxc&dib_tag=se&keywords=Guitar&qid=1721321908&sr=8-50
50,Zen,Guitar,10,-,Delivery,Available,https://www.amazon.com/Zen-Guitar-Philip-Toshio-Sudo/dp/068483877X/ref=sr_1_51?dib=eyJ2IjoiMSJ9.ZM-OUKInuZ7MTgm2zupmkN24Ys4kIP0Ef5MnRSapT78P5PXFMTg05v8_LZ8mhourrFPzw_3DPIHqmV1tliFRm9Dvl5L6oLTv7dUAnLvibVTzdiHdy1jo5npavrbtFWYZ7LLzszr6pBKPxQ3uiMli0sA1L7lkOo912NedalyT9KBUOSAdSmwsKefhwq2tfxdpj-RaK9Gu6AHyTWXvjsFRW88mwvp6_RYbqaDMqtxVwJFX4gGbi_PD43opc5CIs1NTZDpw7A8_OU8y4qGB2TdZJwSkeioHgrTWe337y6ftnPU.xX0z4LHqdOC7r4lFQcqPgh3gPh_TvoN7h2-tZ1cOfxc&dib_tag=se&keywords=Guitar&qid=1721321908&sr=8-51
51,AeroBand,"Guitar Smart Guitar With Painless Silicone Strings, Travel Silent Guitar With Detachable Fretboard, Headphone Jack, MIDI Guitar For Adults, Teenagers",399,-,-,Available,https://www.amazon.com/Stringless-Removable-Fretboard-Beginners-Teenagers/dp/B0CJ4QWR9Y/ref=sr_1_52?dib=eyJ2IjoiMSJ9.ZM-OUKInuZ7MTgm2zupmkN24Ys4kIP0Ef5MnRSapT78P5PXFMTg05v8_LZ8mhourrFPzw_3DPIHqmV1tliFRm9Dvl5L6oLTv7dUAnLvibVTzdiHdy1jo5npavrbtFWYZ7LLzszr6pBKPxQ3uiMli0sA1L7lkOo912NedalyT9KBUOSAdSmwsKefhwq2tfxdpj-RaK9Gu6AHyTWXvjsFRW88mwvp6_RYbqaDMqtxVwJFX4gGbi_PD43opc5CIs1NTZDpw7A8_OU8y4qGB2TdZJwSkeioHgrTWe337y6ftnPU.xX0z4LHqdOC7r4lFQcqPgh3gPh_TvoN7h2-tZ1cOfxc&dib_tag=se&keywords=Guitar&qid=1721321908&sr=8-52
52,DIY,"Guitar Pick Punch luxury gift package, the Premium Guitar Pick Maker、paddle clip、4 Pick Strips and a file for smoothing - blue",20,-,-,Available,https://www.amazon.com/LYCC-guitar-manufacturer-package-puncher/dp/B08NJRKHSB/ref=sr_1_53?dib=eyJ2IjoiMSJ9.ZM-OUKInuZ7MTgm2zupmkN24Ys4kIP0Ef5MnRSapT78P5PXFMTg05v8_LZ8mhourrFPzw_3DPIHqmV1tliFRm9Dvl5L6oLTv7dUAnLvibVTzdiHdy1jo5npavrbtFWYZ7LLzszr6pBKPxQ3uiMli0sA1L7lkOo912NedalyT9KBUOSAdSmwsKefhwq2tfxdpj-RaK9Gu6AHyTWXvjsFRW88mwvp6_RYbqaDMqtxVwJFX4gGbi_PD43opc5CIs1NTZDpw7A8_OU8y4qGB2TdZJwSkeioHgrTWe337y6ftnPU.xX0z4LHqdOC7r4lFQcqPgh3gPh_TvoN7h2-tZ1cOfxc&dib_tag=se&keywords=Guitar&qid=1721321908&sr=8-53
53,Yamaha,"GigMaker Standard Acoustic Guitar w/ Gig Bag, Tuner, Strap and Picks - Natural",-,-,-,Not Available,https://www.amazon.com/Gigmaker-Standard-Acoustic-Instructional-Strings/dp/B000W72MDE/ref=sr_1_54?dib=eyJ2IjoiMSJ9.ZM-OUKInuZ7MTgm2zupmkN24Ys4kIP0Ef5MnRSapT78P5PXFMTg05v8_LZ8mhourrFPzw_3DPIHqmV1tliFRm9Dvl5L6oLTv7dUAnLvibVTzdiHdy1jo5npavrbtFWYZ7LLzszr6pBKPxQ3uiMli0sA1L7lkOo912NedalyT9KBUOSAdSmwsKefhwq2tfxdpj-RaK9Gu6AHyTWXvjsFRW88mwvp6_RYbqaDMqtxVwJFX4gGbi_PD43opc5CIs1NTZDpw7A8_OU8y4qGB2TdZJwSkeioHgrTWe337y6ftnPU.xX0z4LHqdOC7r4lFQcqPgh3gPh_TvoN7h2-tZ1cOfxc&dib_tag=se&keywords=Guitar&qid=1721321908&sr=8-54
54,Donner,"HUSH-I Guitar For Travel - Portable Ultra-Light and Quiet Performance Headless Acoustic-Electric Guitar, Maple Body with Removable Frames, Gig Bag, and Accessories",259,-,-,Available,https://www.amazon.com/Donner-HUSH-I-Guitar-Travel-Acoustic-Electric/dp/B0BTHXVY9C/ref=sr_1_55?dib=eyJ2IjoiMSJ9.ZM-OUKInuZ7MTgm2zupmkN24Ys4kIP0Ef5MnRSapT78P5PXFMTg05v8_LZ8mhourrFPzw_3DPIHqmV1tliFRm9Dvl5L6oLTv7dUAnLvibVTzdiHdy1jo5npavrbtFWYZ7LLzszr6pBKPxQ3uiMli0sA1L7lkOo912NedalyT9KBUOSAdSmwsKefhwq2tfxdpj-RaK9Gu6AHyTWXvjsFRW88mwvp6_RYbqaDMqtxVwJFX4gGbi_PD43opc5CIs1NTZDpw7A8_OU8y4qGB2TdZJwSkeioHgrTWe337y6ftnPU.xX0z4LHqdOC7r4lFQcqPgh3gPh_TvoN7h2-tZ1cOfxc&dib_tag=se&keywords=Guitar&qid=1721321908&sr=8-55
55,Jackson,"JS Series Dinky Arch Top JS22 DKA Compound-Radius Amaranth Fingerboard Maple Neck 6-String Electric Guitar (Right-Handed, Snow White)",-,-,-,Not Available,https://www.amazon.com/Jackson-Electric-Amaranth-Fingerboard-2910121500/dp/B07LFW295H/ref=sr_1_56?dib=eyJ2IjoiMSJ9.ZM-OUKInuZ7MTgm2zupmkN24Ys4kIP0Ef5MnRSapT78P5PXFMTg05v8_LZ8mhourrFPzw_3DPIHqmV1tliFRm9Dvl5L6oLTv7dUAnLvibVTzdiHdy1jo5npavrbtFWYZ7LLzszr6pBKPxQ3uiMli0sA1L7lkOo912NedalyT9KBUOSAdSmwsKefhwq2tfxdpj-RaK9Gu6AHyTWXvjsFRW88mwvp6_RYbqaDMqtxVwJFX4gGbi_PD43opc5CIs1NTZDpw7A8_OU8y4qGB2TdZJwSkeioHgrTWe337y6ftnPU.xX0z4LHqdOC7r4lFQcqPgh3gPh_TvoN7h2-tZ1cOfxc&dib_tag=se&keywords=Guitar&qid=1721321908&sr=8-56
56,Taylor,"BT2 Baby Taylor Acoustic Guitar, Mahogany Top",449,-,-,Available,https://www.amazon.com/Taylor-BT2-Acoustic-Guitar-Mahogany/dp/B007CSXUNM/ref=sr_1_57?dib=eyJ2IjoiMSJ9.ZM-OUKInuZ7MTgm2zupmkN24Ys4kIP0Ef5MnRSapT78P5PXFMTg05v8_LZ8mhourrFPzw_3DPIHqmV1tliFRm9Dvl5L6oLTv7dUAnLvibVTzdiHdy1jo5npavrbtFWYZ7LLzszr6pBKPxQ3uiMli0sA1L7lkOo912NedalyT9KBUOSAdSmwsKefhwq2tfxdpj-RaK9Gu6AHyTWXvjsFRW88mwvp6_RYbqaDMqtxVwJFX4gGbi_PD43opc5CIs1NTZDpw7A8_OU8y4qGB2TdZJwSkeioHgrTWe337y6ftnPU.xX0z4LHqdOC7r4lFQcqPgh3gPh_TvoN7h2-tZ1cOfxc&dib_tag=se&keywords=Guitar&qid=1721321908&sr=8-57
57,Loog,Pro Acoustic kids Guitar 3-strings Ages 6+ Learning App and Lessons Included,129,-,-,Available,https://www.amazon.com/Loog-Acoustic-Guitar-Children-Beginners/dp/B084SNWG8S/ref=sr_1_58?dib=eyJ2IjoiMSJ9.ZM-OUKInuZ7MTgm2zupmkN24Ys4kIP0Ef5MnRSapT78P5PXFMTg05v8_LZ8mhourrFPzw_3DPIHqmV1tliFRm9Dvl5L6oLTv7dUAnLvibVTzdiHdy1jo5npavrbtFWYZ7LLzszr6pBKPxQ3uiMli0sA1L7lkOo912NedalyT9KBUOSAdSmwsKefhwq2tfxdpj-RaK9Gu6AHyTWXvjsFRW88mwvp6_RYbqaDMqtxVwJFX4gGbi_PD43opc5CIs1NTZDpw7A8_OU8y4qGB2TdZJwSkeioHgrTWe337y6ftnPU.xX0z4LHqdOC7r4lFQcqPgh3gPh_TvoN7h2-tZ1cOfxc&dib_tag=se&keywords=Guitar&qid=1721321908&sr=8-58
58,Guitar,Chord Poster Framed Guitar Knowledge Wall Art Music Chords Chart Vintage Musical Wall Decor Canvas Print Educational Painting for Living Room 12x18inch Framed,25,-,-,Available,https://www.amazon.com/Knowledge-Vintage-Educational-Painting-12x18inch/dp/B0C7L39JT9/ref=sr_1_59?dib=eyJ2IjoiMSJ9.ZM-OUKInuZ7MTgm2zupmkN24Ys4kIP0Ef5MnRSapT78P5PXFMTg05v8_LZ8mhourrFPzw_3DPIHqmV1tliFRm9Dvl5L6oLTv7dUAnLvibVTzdiHdy1jo5npavrbtFWYZ7LLzszr6pBKPxQ3uiMli0sA1L7lkOo912NedalyT9KBUOSAdSmwsKefhwq2tfxdpj-RaK9Gu6AHyTWXvjsFRW88mwvp6_RYbqaDMqtxVwJFX4gGbi_PD43opc5CIs1NTZDpw7A8_OU8y4qGB2TdZJwSkeioHgrTWe337y6ftnPU.xX0z4LHqdOC7r4lFQcqPgh3gPh_TvoN7h2-tZ1cOfxc&dib_tag=se&keywords=Guitar&qid=1721321908&sr=8-59
59,The,"Birth of Loud: Leo Fender, Les Paul, and the Guitar-Pioneering Rivalry That Shaped Rock 'n' Roll",13,-,Delivery,Available,https://www.amazon.com/Birth-Loud-Fender-Guitar-Pioneering-Rivalry/dp/1501141732/ref=sr_1_60?dib=eyJ2IjoiMSJ9.ZM-OUKInuZ7MTgm2zupmkN24Ys4kIP0Ef5MnRSapT78P5PXFMTg05v8_LZ8mhourrFPzw_3DPIHqmV1tliFRm9Dvl5L6oLTv7dUAnLvibVTzdiHdy1jo5npavrbtFWYZ7LLzszr6pBKPxQ3uiMli0sA1L7lkOo912NedalyT9KBUOSAdSmwsKefhwq2tfxdpj-RaK9Gu6AHyTWXvjsFRW88mwvp6_RYbqaDMqtxVwJFX4gGbi_PD43opc5CIs1NTZDpw7A8_OU8y4qGB2TdZJwSkeioHgrTWe337y6ftnPU.xX0z4LHqdOC7r4lFQcqPgh3gPh_TvoN7h2-tZ1cOfxc&dib_tag=se&keywords=Guitar&qid=1721321908&sr=8-60
